evidence_id,case_id,type,filename,source_id,captured_at,sha256
EVD-001,CASE-001,REPORT,shadow_net_report.txt,SRC-001,2026-08-10T10:00:00Z,SHA256-DEMO-001
EVD-002,CASE-001,DIGITAL_LOG,device_log_441.txt,SRC-002,2026-08-11T08:20:00Z,SHA256-DEMO-002
EVD-003,CASE-001,FINANCIAL,account_activity_7712.txt,SRC-003,2026-08-12T15:40:00Z,SHA256-DEMO-003
EVD-004,CASE-002,CDR,cdr_demo_10001.txt,SRC-004,2026-08-19T12:10:00Z,SHA256-DEMO-004
EVD-005,CASE-002,REPORT,red_circuit_report.txt,SRC-005,2026-08-20T09:00:00Z,SHA256-DEMO-005
EVD-006,CASE-002,DIGITAL_LOG,shared_device_441.txt,SRC-006,2026-08-21T16:25:00Z,SHA256-DEMO-006
EVD-007,CASE-003,REPORT,night_relay_report.txt,SRC-007,2026-08-27T19:00:00Z,SHA256-DEMO-007
EVD-008,CASE-003,SURVEILLANCE,location_note.txt,SRC-008,2026-08-27T20:00:00Z,SHA256-DEMO-008
EVD-009,CASE-003,FINANCIAL,account_activity_7712_case3.txt,SRC-009,2026-08-28T10:30:00Z,SHA256-DEMO-009
